{
  "checkpoint": "checkpoints/gpt2_warm_full/best.pt",
  "step": 400,
  "checkpoint_metrics": {
    "best": true,
    "best_val_loss": 2.2336014807224274,
    "val_loss": 2.2336014807224274,
    "val_perplexity": 9.333419753076532,
    "val_loss_explanation": 2.466781198978424,
    "val_perplexity_explanation": 11.784453926278953,
    "val_n_explanation": 56,
    "val_loss_flashcard": 3.5586013793945312,
    "val_perplexity_flashcard": 35.11405154905826,
    "val_n_flashcard": 46,
    "val_loss_quiz": 1.7702316641807556,
    "val_perplexity_quiz": 5.8722135853684065,
    "val_n_quiz": 50,
    "val_loss_review": 1.707450270652771,
    "val_perplexity_review": 5.5148820792400866,
    "val_n_review": 33,
    "ema_val_loss": 23.23830207188924,
    "ema_val_perplexity": 12367056890.592892,
    "ema_val_loss_explanation": 35.53626251220703,
    "ema_val_perplexity_explanation": 2711456968829316.0,
    "ema_val_n_explanation": 56,
    "ema_val_loss_flashcard": 13.527027130126953,
    "ema_val_perplexity_flashcard": 749399.2242104522,
    "ema_val_n_flashcard": 46,
    "ema_val_loss_quiz": 14.808058977127075,
    "ema_val_perplexity_quiz": 2698101.612309203,
    "ema_val_n_quiz": 50,
    "ema_val_loss_review": 19.780067443847656,
    "ema_val_perplexity_review": 389380449.86367464,
    "ema_val_n_review": 33
  },
  "n_examples": 5,
  "with_context": false,
  "judge_used": true,
  "judge_model": "Qwen/Qwen2.5-7B-Instruct",
  "metrics_mean": {
    "exact_match": 0.0,
    "token_f1": 0.14391363022941972,
    "rouge_l": 0.12286099865047236,
    "meteor": 0.07860011859715321,
    "judge_correctness": 2.4,
    "judge_completeness": 1.4,
    "judge_pedagogical_clarity": 1.2,
    "bertscore_p": 0.7070358037948609,
    "bertscore_r": 0.6764058351516724,
    "bertscore_f1": 0.6912765979766846
  },
  "metrics_count": {
    "exact_match": 5,
    "token_f1": 5,
    "rouge_l": 5,
    "meteor": 5,
    "judge_correctness": 5,
    "judge_completeness": 5,
    "judge_pedagogical_clarity": 5,
    "bertscore_p": 5,
    "bertscore_r": 5,
    "bertscore_f1": 5
  }
}