{
  "checkpoint": "checkpoints/gpt2_warm_full/best.pt",
  "step": 400,
  "checkpoint_metrics": {
    "best": true,
    "best_val_loss": 2.2336014807224274,
    "val_loss": 2.2336014807224274,
    "val_perplexity": 9.333419753076532,
    "val_loss_explanation": 2.466781198978424,
    "val_perplexity_explanation": 11.784453926278953,
    "val_n_explanation": 56,
    "val_loss_flashcard": 3.5586013793945312,
    "val_perplexity_flashcard": 35.11405154905826,
    "val_n_flashcard": 46,
    "val_loss_quiz": 1.7702316641807556,
    "val_perplexity_quiz": 5.8722135853684065,
    "val_n_quiz": 50,
    "val_loss_review": 1.707450270652771,
    "val_perplexity_review": 5.5148820792400866,
    "val_n_review": 33,
    "ema_val_loss": 23.23830207188924,
    "ema_val_perplexity": 12367056890.592892,
    "ema_val_loss_explanation": 35.53626251220703,
    "ema_val_perplexity_explanation": 2711456968829316.0,
    "ema_val_n_explanation": 56,
    "ema_val_loss_flashcard": 13.527027130126953,
    "ema_val_perplexity_flashcard": 749399.2242104522,
    "ema_val_n_flashcard": 46,
    "ema_val_loss_quiz": 14.808058977127075,
    "ema_val_perplexity_quiz": 2698101.612309203,
    "ema_val_n_quiz": 50,
    "ema_val_loss_review": 19.780067443847656,
    "ema_val_perplexity_review": 389380449.86367464,
    "ema_val_n_review": 33
  },
  "n_examples": 200,
  "with_context": false,
  "judge_used": false,
  "judge_model": null,
  "metrics_mean": {
    "exact_match": 0.0,
    "token_f1": 0.2632827769864138,
    "rouge_l": 0.21559842795530174,
    "meteor": 0.20849416433880003,
    "bertscore_p": 0.8675958260893821,
    "bertscore_r": 0.8574730017781258,
    "bertscore_f1": 0.8622288319468498
  },
  "metrics_count": {
    "exact_match": 200,
    "token_f1": 200,
    "rouge_l": 200,
    "meteor": 200,
    "bertscore_p": 200,
    "bertscore_r": 200,
    "bertscore_f1": 200
  }
}