{
  "checkpoint": "checkpoints/gpt2_warm_rag10/best.pt",
  "step": 400,
  "checkpoint_metrics": {
    "best": true,
    "best_val_loss": 2.2280148466428122,
    "val_loss": 2.2280148466428122,
    "val_perplexity": 9.281422731608325,
    "val_loss_explanation": 2.4577556252479553,
    "val_perplexity_explanation": 11.678571014284694,
    "val_n_explanation": 56,
    "val_loss_flashcard": 3.556116739908854,
    "val_perplexity_flashcard": 35.02691408749431,
    "val_n_flashcard": 46,
    "val_loss_quiz": 1.770099252462387,
    "val_perplexity_quiz": 5.871436086953027,
    "val_n_quiz": 50,
    "val_loss_review": 1.7154935598373413,
    "val_perplexity_review": 5.559418741141546,
    "val_n_review": 33,
    "ema_val_loss": 24.480635325113933,
    "ema_val_perplexity": 42835598098.63669,
    "ema_val_loss_explanation": 36.18760108947754,
    "ema_val_perplexity_explanation": 5200863630402380.0,
    "ema_val_n_explanation": 56,
    "ema_val_loss_flashcard": 19.32106653849284,
    "ema_val_perplexity_flashcard": 246055219.56730083,
    "ema_val_n_flashcard": 46,
    "ema_val_loss_quiz": 14.770974397659302,
    "ema_val_perplexity_quiz": 2599876.2290818384,
    "ema_val_n_quiz": 50,
    "ema_val_loss_review": 20.718591690063477,
    "ema_val_perplexity_review": 995336759.9416233,
    "ema_val_n_review": 33
  },
  "n_examples": 381,
  "with_context": true,
  "judge_used": false,
  "judge_model": null,
  "metrics_mean": {
    "exact_match": 0.0,
    "token_f1": 0.2674994329935681,
    "rouge_l": 0.21744029214495314,
    "meteor": 0.21414900263606879,
    "semantic_sim_mean": 0.6275420188903809,
    "semantic_sim_median": 0.6839770674705505,
    "bertscore_p": 0.885408878326416,
    "bertscore_r": 0.8751215934753418,
    "bertscore_f1": 0.8800864815711975
  },
  "metrics_count": {
    "exact_match": 381,
    "token_f1": 381,
    "rouge_l": 381,
    "meteor": 381,
    "semantic_sim_mean": 381,
    "bertscore_f1": 381
  },
  "semantic_sim_model": "sentence-transformers/all-MiniLM-L6-v2",
  "bertscore_model": "roberta-large"
}