{
  "checkpoint": "checkpoints/scratch_125m/best.pt",
  "step": 400,
  "checkpoint_metrics": {
    "best": true,
    "best_val_loss": 4.688070436318715,
    "val_loss": 4.688070436318715,
    "val_perplexity": 108.64334317674358,
    "val_loss_explanation": 4.72188663482666,
    "val_perplexity_explanation": 112.38007295066997,
    "val_n_explanation": 56,
    "val_loss_flashcard": 5.679365158081055,
    "val_perplexity_flashcard": 292.76351236467826,
    "val_n_flashcard": 46,
    "val_loss_quiz": 5.016373515129089,
    "val_perplexity_quiz": 150.86320742384171,
    "val_n_quiz": 50,
    "val_loss_review": 4.140656630198161,
    "val_perplexity_review": 62.8440732203921,
    "val_n_review": 33,
    "ema_val_loss": 6.458399534225464,
    "ema_val_perplexity": 638.0390792586772,
    "ema_val_loss_explanation": 6.661831736564636,
    "ema_val_perplexity_explanation": 781.9820110940212,
    "ema_val_n_explanation": 56,
    "ema_val_loss_flashcard": 7.006713072458903,
    "ema_val_perplexity_flashcard": 1104.0197017423309,
    "ema_val_n_flashcard": 46,
    "ema_val_loss_quiz": 6.653553009033203,
    "ema_val_perplexity_quiz": 775.5349187722085,
    "ema_val_n_quiz": 50,
    "ema_val_loss_review": 5.672745068868001,
    "ema_val_perplexity_review": 290.83179292689226,
    "ema_val_n_review": 33
  },
  "n_examples": 200,
  "with_context": false,
  "judge_used": false,
  "judge_model": null,
  "metrics_mean": {
    "exact_match": 0.0,
    "token_f1": 0.20664478662702243,
    "rouge_l": 0.1586728514671163,
    "meteor": 0.1567105818549361,
    "bertscore_p": 0.8590111631155014,
    "bertscore_r": 0.8509699186682701,
    "bertscore_f1": 0.8548868596553802
  },
  "metrics_count": {
    "exact_match": 200,
    "token_f1": 200,
    "rouge_l": 200,
    "meteor": 200,
    "bertscore_p": 200,
    "bertscore_r": 200,
    "bertscore_f1": 200
  }
}