{
  "checkpoint": "checkpoints/scratch_125m/best_ema.pt",
  "step": 1200,
  "checkpoint_metrics": {
    "best_ema": true,
    "best_ema_val_loss": 4.763150493303935,
    "val_loss": 5.585367043813069,
    "val_perplexity": 266.4980812621181,
    "val_loss_explanation": 5.732856035232544,
    "val_perplexity_explanation": 308.850096698058,
    "val_n_explanation": 56,
    "val_loss_flashcard": 6.626210371653239,
    "val_perplexity_flashcard": 754.6170270793376,
    "val_n_flashcard": 46,
    "val_loss_quiz": 5.915153384208679,
    "val_perplexity_quiz": 370.61114424201463,
    "val_n_quiz": 50,
    "val_loss_review": 5.055912017822266,
    "val_perplexity_review": 156.94760410344614,
    "val_n_review": 33,
    "ema_val_loss": 4.763150493303935,
    "ema_val_perplexity": 117.11431315287912,
    "ema_val_loss_explanation": 4.83022141456604,
    "ema_val_perplexity_explanation": 125.23868725470531,
    "ema_val_n_explanation": 56,
    "ema_val_loss_flashcard": 5.65441099802653,
    "ema_val_perplexity_flashcard": 285.54824470546123,
    "ema_val_n_flashcard": 46,
    "ema_val_loss_quiz": 5.07290506362915,
    "ema_val_perplexity_quiz": 159.63741121072792,
    "ema_val_n_quiz": 50,
    "ema_val_loss_review": 4.229050318400065,
    "ema_val_perplexity_review": 68.65200366091423,
    "ema_val_n_review": 33
  },
  "n_examples": 381,
  "with_context": false,
  "judge_used": false,
  "judge_model": null,
  "metrics_mean": {
    "exact_match": 0.0,
    "token_f1": 0.18857056487753948,
    "rouge_l": 0.1503896910769304,
    "meteor": 0.1382918553917776,
    "bertscore_p": 0.8703554272651672,
    "bertscore_r": 0.8548540472984314,
    "bertscore_f1": 0.8624439835548401,
    "semantic_sim_mean": 0.374780535697937,
    "semantic_sim_median": 0.37853357195854187
  },
  "metrics_count": {
    "exact_match": 381,
    "token_f1": 381,
    "rouge_l": 381,
    "meteor": 381,
    "bertscore_p": 381,
    "bertscore_r": 381,
    "bertscore_f1": 381,
    "semantic_sim_mean": 381
  },
  "semantic_sim_model": "sentence-transformers/all-MiniLM-L6-v2",
  "bertscore_model": "roberta-large"
}